{
    "GOD":{
        "reading Bible": "0, 2023-01-30 06:20",
        "pray":{
            "thanksgiving, sins, wife, children, Sergey_omsk": "0, 2023-01-30 06:30",
            "son":{
                "him ability go in toilet": "0, 2023-01-18 06:30"
            }
        }
    },
    "body":{
        "drag":{
            "ointment(celestoderm)": "0, 2023-01-19 21:00"
        },
        "wash face": "0, 2023-01-30 06:01",
        "straight up hair do": "0, 2023-01-30 06:05",
        "toothbrushing": "0, 2023-01-30 06:05",
        "freshen up": "0, 2023-01-30 22:00",
        "straight up cough": "0, 2023-01-30 06:15",
        "exercise": "0, 2023-01-30 06:10",
        "food":{
            "breakfast":{
                "wash teapot": "0, 2023-01-30 06:10",
                "coffee": "0, 2023-01-30 06:35",
                "prepare food": "0, 2023-01-30 06:40",
                "nutrition": "0, 2023-01-30 06:45",
                "washing dash": "0, 2023-01-30 06:50"
            },
            "beneficial foodstuff":{
                "hydrocarbon":{
                    "buckwheat": "0, 2023-01-30 23:00"
                },
                "protein": "0, 2023-01-30 23:00",
                "fat": "0, 2023-01-30 23:00"
            },
            "clothes":{
                "shoes":{
                    "wash and cream by day": "0, 2023-01-18 21:00"
                }
            }
        },
        "bath":{
            "wash body and hair": "0, 2023-01-30 22:30"
        }
    },
    "brain":{
        "brainwork":{
            "brainwork": {
              "play three future deals, instinctively": "0, 2023-01-30 10:00",
              "check execution of base deals": "0, 2023-01-30 10:00",
              "check execution of important deals": "0, 2023-01-30 10:00"
            }
        },
        "chess": {
          "play in chess app": "0, 2023-01-30 10:00"
        }
        "questions":{
            
        },
        "reading book": "0, 2023-01-30 07:30",
        "attentiveness": "2, 2023-01-08 08:00",
        "memory":{
            "rhyme": "2, 2023-01-30 23:30"
        }
    },
    "kit":{
        "total clearning phone": "3, 2023-01-17 10:00"
    },
    "family":{
        "especial deals": {
        },
        "mommy": {
            "call days": "0, 2023-01-17 19:50"
        },
        "consort": {
            "read bible": "0, 2023-01-17 21:00",
            "play with her chess": "0, 2023-01-17 21:00",
            "write resume": "6, 2023-01-09 21:00"
        },
        "daughter": {
            "her time": "0, 2023-01-17 21:00",
            "skills":{
                "neatness": "0, 2023-01-17 21:00"
            }
            },
        "son":{
            "him time": "0, 2023-01-17 21:00",
            "kinday": "1, 2023-01-30 23:00",
            "dispenser": "1, 2023-01-26 10:00",
            "sport": "0, 2023-01-17 21:00",
            "skills":{
                "neatness": "3, 2023-01-17 19:38"
            }
            
        }
    },
    "really":{
        "flat":{
        "especial deals": {
            "download freid": "5, 2023-01-07 10:00",
            "window (find deeds)": "5, 2023-01-14 10:00",
            "make up boxes": "5, 2023-01-29 10:00"
            
        },
            "monthly":{
                "pay for komunalka": "1, 2023-01-30 23:00",
                "filters": "1, 2023-01-26 10:13",
                "kruchki": "3, 2023-01-24 10:00",
                "replace filters of water": "4, 2023-01-07 10:00"
            },
            "year":{
                "tax children": "3, 2023-01-17 19:38",
    "tax flat": "3, 2023-01-17 19:38"
            }
        },
    "cottage":{
        "dayly":{
            "pouring": "6, 2023-01-17 10:00"
        },
        "yearly":{
          "planting": "0, 2023-01-30 23:00"
        }
    }
    },
    "friends":{
       "mihanov pavel": "3, 2023-01-17 19:38",
       "bezborodov": "3, 2023-01-17 19:33",
       "gulikyan": "3, 2023-01-17 19:33",
       "barinov": "3, 2023-01-17 19:33",
       "Pavel python": "3, 2023-01-17 19:33",
       "ezdra": "3, 2023-01-17 19:33",
       "yura gayfulin": "3, 2023-01-17 19:33"
    },
    "transportation":{
        "fabia": {
            "car_mont": {
            "find deal": "3, 2023-01-17 10:00"
                },
            "car_weekly": {
                "wash car": "4, 2023-01-13 10:00",
                "look the level of oil": "1, 2023-01-26 10:06"
                },
            "car_dayly": {
                "find deal": "3, 2023-01-17 10:00"
                },
            "especial deals": {
                "replace pillow block": "1, 2023-01-26 10:06",
                "stand magnitola": "4, 2023-01-08 10:00",
                "belay": "3, 2023-01-21 12:11",
                "to": "7, 2023-01-10 10:00",
                "sulfataquya": "3, 2023-01-20 10:00",
                "bench hammer": "6, 2023-01-09 10:00",
                "buy support for belt": "4, 2023-01-10 12:00",
                "back money for belay": "3, 2023-01-21 12:11"
                },
            "by mileage": {
                "oil": "3, 2023-01-17 10:00",
                "replace grm": "1, 2023-01-26 10:09"
                }
            }
    },
    "arrow": {
        "buy watch": "3, 2023-01-30 10:00",
        "con manual and exercise operation": "7, 2023-01-08 08:00",
        "labor union was23122020will 21112022 Wait time montПо расходам на лечение и приобретение медикаментов": "1, 2023-11-01 10:00",
        "vacation": "4, 2023-01-10 12:11"
    },
    "business":{
        "money":{
            "check expenses mont": "3, 2023-01-17 10:00",
            "lenta mont": "1, 2023-01-29 22:35",
            "donor was 2501223(25,25)": "0, 2023-01-21 10:00"
        },
        "inc":{
            "especial deals":{
            "fill_up_DB": "3, 2023-01-21 12:11"},
            "branches":{
                "perm":{
                    "monthly":{
                        "availability": "3, 2023-01-08 18:04"
                    },
                    "dayly": {
                        "check ads(activity)": "3, 2023-01-17 10:00"
                    },
                    "especial deals":{
                        "prepare order": "3, 2023-01-30 10:00"
                    }
                },
                "rubqovsk":{
                    "monthly":{
                        "aviability": "3, 2023-01-08 12:11"
                    },
                    "especial deals":{
                        "ask money": "3, 2023-01-19 12:36"
                    }
                },
                "omsk": {
                    "aviability": "3, 2023-01-08 12:11"
                },
                "nijniy Novgorod":{
                    "monthly":{
                        "aviability": "3, 2023-01-08 12:11"
                    }
                },
                "gornoaltaysk":{
                    "monthly":{
                        "aviability": "3, 2023-01-08 12:11"
                    }
                },
                "Rostov":{
                    "monthly":{
                        "aviability": "3, 2023-01-08 12:11"
                    },
                    "dayly":{
                        "activity ads": "3, 2023-01-15 12:36"
                    }
                },
                "Stavropol":{
                    "monthly":{
                        "aviability": "3, 2023-01-08 12:11"
                   },
                    "dayly":{
                        "activity ads": "3, 2023-01-15 12:36"
                    }
                },
                "barnaul":{
                    "monthly":{
                        "aviability": "3, 2023-01-08 12:11"
                    },
                    "dayly":{
                        "activity ads": "3, 2023-01-15 12:36"
                    }
                }
            },
            "avito":{
                "hair thermometer": "3, 2023-01-17 10:00",
                "Sell bikes": "1, 2023-03-17 10:00"
            },
            "aliExpress_4veg,5lup":{
                "order1709": "5, 2023-01-06 19:30"
            },
            "gen": {
                "TP":{
                    "gather equipment": "5, 2023-01-06 20:01",
                    "manufacture of generator": "5, 2023-01-30 10:00",
                    "manufacture of multiple": "5, 2023-01-30 10:00",
                    "manufacture of timer": "5, 2023-01-29 10:00",
                    "gathering in body": "5, 2023-01-29 10:00"
                }
            },
        "car":{
            "2115":{
                "find keys": "5, 2023-01-06 20:00"
            }
        }
    },
    "donor": "1, 2023-01-30 23:30",
    "embassy": "3, 2023-02-01 12:11",
    "farvor0569": "1, 2023-02-01 10:00",
    "nalog": "1, 2023-01-26 10:06",
    "English think": "3, 2023-01-31 12:11",
    "planning day": "0, 2023-01-17 06:10",
    "check activity of ads branch": "4, 2023-01-14 10:00",
    "check activity of ads avito": "4, 2023-01-19 12:36",
    "search New goods avito": "3, 2023-01-24 10:00",
    "PhoneFather  search him Ask dim barinov Паспортный стол Брнс(ц) овс": "3, 2023-01-19 10:00",
    "gigromentr": "3, 2023-01-21 12:11",
    "sbasibo": "3, 2023-02-10 12:11",
    "wife internet": "1, 2023-01-26 10:08",
    "cash back": "3, 2023-01-17 19:33",
    "every month nearly 7 thoughound to 3 year every halfyear check posopie 07mont": "3, 2023-01-19 10:00",
    "arrow'seals": "1, 2023-01-30 23:00",
    "church": "6, 2023-01-06 21:00",
    "Tithe = 24286 / 11012022": "6, 2023-01-07 09:00",
    "daughter:tia phone find him": "3, 2023-02-10 12:11",
    "take her from childrengarden and escort to balet": "6, 2023-01-09 16:00",
    "dubay(310536 Генадий)corolla, ask angry about selling carsearching carslook call anatoly write parser for vk, write parser for avito, retrety buy the car recorder,Start posgresql, know contions and possibilitytorg3to know about Torgi gov ru yandex срочный выкуп автомобилей, 2115 repair car for selling Seat for car electricity": "3, 2023-01-17 10:00",
    "clearing out phone mont": "1, 2022-12-06 15:00",
    "Tithe = 49286 28092021 mont": "6, 2023-01-07 09:00",
    "price mont": "3, 2023-01-21 10:00",
    "every month nearly 7 thoughound to 3 year mont": "3, 2023-01-17 10:00",
    "cash back 01082021mont": "4, 2023-01-10 10:00",
    "check tunings of cash back mont": "3, 2023-01-17 10:00",
    "check condition of privelegy(25) mont": "3, 2023-01-17 10:00",
    "every halfyear check posopie mont": "3, 2023-01-08 18:04",
    "health check execition of rules mont": "3, 2023-01-19 12:11",
    "check aviability mont": "3, 2023-01-11 12:11",
    "Tester": "7, 2023-01-08 09:00",
    "Reading manual car": "7, 2023-01-11 10:00",
    "Belt ask primal about him possibility": "7, 2023-01-09 21:00",
    "steal": "7, 2023-01-15 13:31",
    "ArrowComputer box": "7, 2023-01-30 23:00",
    "Arrow__notebook Партдирект": "7, 2023-01-30 10:00",
    "hair": "6, 2023-01-30 10:00",
    "Robot Flat": "5, 2023-01-09 12:11",
    "Flat Find torrent STORAGE new systemFlat": "5, 2023-01-29 10:00",
    "Пятёрочка Me": "5, 2023-01-28 23:00",
    "Milk 900 54": "2, 2023-01-08 07:50",
    "Буквенный код Образование смысловых фраз из начальных (или целенаправленно присвоенных) букв запоминаемой информации": "3, 2023-01-17 10:00",
    "Ассоциации": "3, 2023-01-17 10:00",
    "Созвучие": "3, 2023-02-18 12:11",
    "Метод римской комнаты" : "1, 2022-12-06 10:00",
    "Memory: emotion, pair, time back, needness": "3, 2023-01-17 10:00",
    "Mind__Know about education of sonSon": "3, 2023-01-23 10:00",
    "Mind Pray about him problem Son": "3, 2023-02-10 12:36",
    "MindTaya belkovustand_up_friendshipwife": "3, 2023-01-17 10:00",
    "Mindthe searching of ways of upward of sales System of ad in express mont": "3, 2023-01-17 10:00",
    "Mind Formulate the strategy of businessInc": "3, 2023-01-17 10:00",
    "Ufa": "3, 2023-02-10 12:11",
    "Nijniy Novgorod Not sells Start Investment": "3, 2023-01-19 10:00",
    "Mind the searching of ways of upward of sales System of ad in Express": "3, 2023-01-30 10:00",
    "_Milk 900 54": "1, 2023-01-30 10:00",
    "Буквенный код Образование смысловых фраз из начальных (или целенаправленно присвоенных) букв запоминаемой информации": "3, 2023-01-17 10:00",
    "Ассоциации": "3, 2023-01-17 10:00",
    "Рифмы": "3, 2023-01-21 12:36",
    "Созвучие": "3, 2023-02-18 12:11",
    "Метод римской комнаты": "3, 2023-02-08 12:11",
    "Memory: emotion, pair, time back, needness": "3, 2023-01-17 10:00",
    "health check execition of rulesmont": "3, 2023-01-21 12:36",
    "mother  mont": "3, 2023-03-02 12:36",
    "-PhonePythonAPI vk0 ansys for each net  0111 mont": "3, 2023-01-17 19:38",
    "-Sell Sony charger": "5, 2023-01-07 10:40",
    "Промышленная 5/5Drip watering": "3, 2023-04-01 12:11",
    "https://tu be/VGEnbEhlG4s": "3, 2023-01-29 12:11",
    "clearing out phone mont": "3, 2023-01-17 19:38",
    "check and reconsider total strategy(branch)mont": "1, 2022-12-10 00:00",
    "the searching of ways of upward of sales System of ad in Express": "3, 2023-01-30 10:00",
    "Damir Ask wife about contact": "4, 2023-01-28 10:00",
    "Pool": "7, 2023-01-08 10:00",
    "Phonessell": "4, 2023-01-06 20:00",
    " System of deals write program Python": "3, 2023-01-17 19:38",
    "Write myself program RECORDING python": "3, 2023-01-24 10:00",
    "Heat wire": "3, 2023-01-21 10:00",
    "ozon strategy": "3, 2023-01-21 12:11",
    "strategy avito": "3, 2023-02-07 12:11",
    "aliwrite all orderstotal business": "3, 2023-01-31 12:11",
    " where is money strategy": "3, 2023-04-11 12:11",
    "Inventory barnaul": "3, 2023-01-21 12:11",
    "gornoaltaysk": "3, 2023-01-11 12:11",
    "nijniy Novgorod(wait answer)": "3, 2023-01-12 12:11",
    "Rostov": "3, 2023-01-13 12:11",
    "Stavropol wait answer)": "3, 2023-01-14 12:11",
    "NFC pay out 1c кассаAlfa pay, SberPos": "3, 2023-01-19 12:11",
    " zolushka": "3, 2023-01-20 12:11",
    "Water Cottage": "1, 2023-01-30 10:00",
    "Ezdra business": "3, 2023-01-20 10:00",
    "neighbor corolla near building": "3, 2023-02-10 12:11",
    "contribution": "3, 2023-02-08 12:11",
    "airplane Son": "3, 2023-01-17 10:00",
    "Big car Know about discount, buy ticket Son": "3, 2023-01-21 12:11",
    "look implants documentation": "3, 2023-01-21 12:11",
    "Hoco y5 Me": "3, 2023-01-17 10:00",
    "Лепестки лемнос Flat": "3, 2023-03-02 12:11",
    "Hospital 23082021 make analysis Call to FSS Wait else 14 days 2509 Till 1900 money": "3, 2023-02-10 12:11",
    "Валерий чекалов": "4, 2023-01-16 12:36",
    "Элм327 версия 1 5": "3, 2023-01-18 12:11",
    "Birga business": "3, 2023-02-20 12:11",
    "Chocolate home": "4, 2023-01-14 12:36",
    "Plumb for cottage make up leak Cottage Home": "3, 2023-04-30 21:15",
    "Pdd provit": "4, 2023-01-07 10:30",
    "Халва": "3, 2023-01-30 10:00",
    "свет во тьме": "3, 2023-01-24 10:00",
    "Buy wheels": "3, 2023-01-30 10:00",
    "clearing out phone mont sort photo": "3, 2023-01-30 10:00",
    "fines: check via appl weekly": "4, 2023-01-17 10:00",
    "internet ufanet{440},domRu{550} rt{399}1609 was pay up Ufanet 2160 4080 till 25042025 mont": "3, 2023-03-02 12:36",
    "teath go to lagutina (clearing, inspection) 2022-12-01 mont": "1, 2023-01-26 10:04",
    "go to pearl 29012022mont": "6, 2023-01-07 10:00",
    "go to pearl garelina 05112022 mont healthteeth{parandatolog was 100721 will 01012022}": "6, 2023-01-07 10:00",
    "healthteethterapeft(was 01022023mont": "3, 2023-01-17 10:00",
    "analisys for each net  0111 mont": "3, 2023-02-02 12:11",
    "check and reconsider total strategy(branch)mont": "3, 2023-01-17 10:00",
    "the searching of ways of upward of sales System of ad in avito Aliexpressmont": "3, 2023-01-17 10:00",
    "payout of flat: know about principle  of pay up(switch on battery): 2022-10-15 15:00mont": "3, 2023-01-31 12:36",
    "ask specialist Find correct education DocilitySON": "3, 2023-01-20 10:00",
    "programming": "7, 2023-01-08 09:30",
    "chess strategy movies": "3, 2023-01-17 10:00",
    "prayer by needs": "3, 2023-01-17 10:00",
    "sending of incubators": "1, 2023-01-26 10:03",
    "vk invite members from other group from little to big several times by day": "3, 2023-01-31 12:11",
    "find time for db_me": "0, 2023-01-22 08:30"
    ,
"add ad for children autl chiar": "4, 2023-01-06 21:00",
"write sizies of": "3, 2023-02-10 12:36",
"print simon khorolskiy": "3, 2023-01-17 10:00",
"fins alarm": "3, 2023-02-10 12:36",
"checkpoint(every 55 minute of every hour)": "3, 2023-02-10 12:11",
"analysis": "3, 2023-01-30 10:00",
"vk check wall, comments and messages": "3, 2023-01-30 10:00",
"add friends from groups": "3, 2023-01-30 12:11",
"adding friends in my group": "3, 2023-01-27 12:11",
"adding of 3 post in group": "3, 2023-02-05 12:11",
"check all in group(notification, wall": "3, 2023-01-21 12:11",
"stans up to charge accum": "3, 2023-01-30 10:00",
"car program": "3, 2023-01-17 10:00",
"stickjaw": "3, 2023-02-10 12:36",
"pay up gas": "3, 2023-02-10 12:36",
"simon ans daughter playlist": "3, 2023-01-30 10:00",
"consort watch": "5, 2023-01-08 10:00",
"damage of inx of perm": "1, 2023-01-26 10:04",
"taisya video": "3, 2023-01-21 12:11",

"look to the condion of grm, define time replace grm, buy details for grm": "1, 2023-01-26 10:13",
"wash autopillow": "5, 2023-01-06 21:00",

"vtb back bonus": "1, 2023-01-30 10:00",
"carton for car": "1, 2023-01-30 23:00",
"English walking": "1, 2023-01-30 10:00",

"button for car": "1, 2023-01-26 10:04",
"tool for front glass": "1, 2023-01-30 10:00",
"sent car strip": "1, 2023-01-27 10:03",

"plant salad": "1, 2023-01-30 23:30",
"belt must be sent": "1, 2023-01-26 10:05",
"bed in cottage, buy bedspring": "1, 2023-01-30 23:00",
"plant onion": "1, 2023-01-30 23:30",
"electrisicty cottage": "1, 2023-01-30 23:30",
"selling bike": "1, 2023-01-30 23:30",
"mirrow strip led": "1, 2023-01-30 23:30",
"buy sofa": "1, 2023-01-30 23:30",
"buy kitchen": "1, 2023-01-30 23:30",
"find site for design kintchdn and draw it": "1, 2023-01-30 23:30",
"battery on balcony": "1, 2023-01-30 23:30",
"make up window": "1, 2023-01-30 23:30",
"flat electricity": "1, 2023-01-30 23:30",
"robot flow": "1, 2023-01-26 10:05",
"write program for seaching flat": "1, 2023-01-27 10:05",
"buy brake hosepipies": "1, 2023-01-27 10:03",
"block tinkoff": "1, 2023-01-30 10:00",
"buy and install plugs": "1, 2023-01-26 10:03",
"sell 2115": "1, 2023-01-27 07:28"
}
}
