{ "shipments":{"20221225":{"total_amount":40},"goods_prices":{"total_amount":40},"goods_prices":{"looper":6944,"vegas":9520, "deli":7760, "bliq120":15976,"parka":10499},"expenses":{"orenburg_portage":3000,"notary":2000},"directions":
  {"perm":
  {"portage_branch":
  250,
  "van_line_portage":2654},"goods":{"bliq_120":2,"vegas":2,"looper":1},"sankt_peter":{"portage_branch":800,"van_line_portage":3911},"goods":{"deli":5,"vegas":1,"looper":1},"omsk": {"portage_branch":984,
  "van_line_portage":9636},"goods":{"parka":9,"looper":14},"orenburg":{"portage_branch":
  0,
  "van_line_portage":0},"goods":{"vegas":4}}}
,"branches":{"perm":{"phone":9127858754},"omsk":{"phone":79139694929},"peter_burg":{"phone":9052630564}}}
